{"organisation":"VIC_Govt_VicHealth","name":"sla_inadequate_sleep","title":"VicHealth - Inadequate Sleep (<7 Hours per Weekday) (SLA) 2011","legal":{"copyrightYear":"2011 - 2014","attributionYear":"2014","attribution":"{datasource.organisationTitle}, ({dataset.attributionYear}): {dataset.title}; accessed from AURIN on {dateOfAccess}.","clickthrough":true,"termsUrl":"https://apps.aurin.org.au/gate/copyright/VicHealth/VicHealth_Additional_TOU_2018.pdf","licenceType":"Data Licence (VicHealth)","copyrightNotice":"&copy; {datasource.organisationTitle} {dataset.copyrightYear}"},"referenceSystemIdentifier":"urn:x-ogc:def:crs:EPSG:4283","geoLevel":"sla","key":"estimate","keyRegex":null,"availability":"true","geomField":"the_geom","keyword":"work","theme":"population","temporalExtent":{"beginDate":"2011-05-01T00:00:00","endDate":"2011-08-31T00:00:00","selectTime":false},"type":"dataset","_id":"dataset-VIC_Govt_VicHealth-sla_inadequate_sleep-sla","bbox":null,"abstract":"The data is presented as a percentage of those who report sleeping less than 7 hours on average on a typical weekday by 2006 Statistical Local Area boundaries.<br><br>\n\nA small number of survey respondents (0.6% of the weighted survey estimates across Victoria) didn't know or refused to answer the survey question. These respondents have been excluded from the data analysis.<br><br>\n\nSurvey question: On a typical WEEKDAY how many hours sleep do you get? Response given in hours and minutes.<br><br>\n\nSource of question: <a href=\"https://www.vichealth.vic.gov.au/programs-and-projects/vichealth-indicators-survey-2011\" target=\"_blank\">VicHealth Indicators Survey, 2011</a>.<br><br>For more information please read the <a href=\"https://www.vichealth.vic.gov.au/~/media/Indicators/Report/VicHealth_IndicatorsSurvey_SelectedFindings.ashx\" target=\"_blank\">VicHealth Indicator Survey 2011 Selected Findings</a>.","selectedAttributes":[{"name":"sla_code06","type":"String","title":"SLA Code (ABS 2006)","description":"SLA Code (ABS 2006)","stype":"nominal","isDimension":false},{"name":"ci_high","type":"Double","title":"SLA estimate upper confidence interval","description":"SLA estimate upper confidence interval","stype":"ratio","isDimension":false},{"name":"ci_low","type":"Double","title":"SLA estimate lower confidence interval","description":"SLA estimate lower confidence interval","stype":"ratio","isDimension":false},{"name":"estimate","type":"Double","title":"SLA estimate","description":"SLA estimate","stype":"ratio","isDimension":false},{"name":"rse","type":"Double","title":"relative standard error","description":"relative standard error","stype":"ratio","isDimension":false},{"name":"se","type":"Double","title":"standard error","description":"standard error","stype":"ratio","isDimension":false},{"name":"sla_name06","type":"String","title":"SLA Name (ABS 2006)","description":"SLA Name (ABS 2006)","stype":"nominal","isDimension":false}],"filter":{"filterType":"tabular","feature":{"key":"sla_code06","geoLevel":"sla","geoField":"ignored","year":"2006","featureBbox":[96.81676569599999,-43.740509603,159.109219008,-9.142175977],"featureType":"country","featureInstance":"au","featureName":"Australia","referenceSystemIdentifier":"urn:x-ogc:def:crs:EPSG:4283","prefix":"","keyTransform":null},"states":[]}}