{"organisation":"AU_Govt_ABS","name":"abs_regional_internal_migration_estimated_lga_2006_2016","title":"LGA Migration - Estimated Regional Internal Migration 2006-2016","legal":{"attribution":"{datasource.organisationTitle}, ({dataset.attributionYear}): {dataset.title}; accessed from AURIN on {dateOfAccess}.","attributionYear":"2017","clickthrough":false,"copyrightNotice":"&copy; {datasource.organisationTitle} {dataset.copyrightYear}","copyrightYear":"2017","licenceType":"Creative Commons Attribution 4.0 International (CC BY 4.0)"},"referenceSystemIdentifier":"urn:x-ogc:def:crs:EPSG:4283","geoLevel":"lga2011","key":"lga_code11","keyRegex":null,"availability":"true","geomField":"wkb_geometry","keyword":"immigration,migration,interstate,aus,Australia,population","theme":null,"temporalExtent":{"beginDate":"2006-07-01T00:00:00","endDate":"2016-06-30T00:00:00","selectTime":false},"type":"dataset","_id":"dataset-AU_Govt_ABS-abs_regional_internal_migration_estimated_lga_2006_2016-lga2011","bbox":null,"abstract":"This dataset presents the estimates of the internal migration statistics of Australia by Local Government Areas (LGA) following the 2011 Australian Statistical Geography Standard (ASGS). The dataset spans from the 2006-07 financial year up to the 2015-16 financial year.<br/><br/>\n\nRegional internal migration is the movement of people from one region to another within Australia (both interstate and intrastate). For example, it incorporates moves from a Local Government Area (LGA) to any other LGA within the country. Net regional internal migration is the net gain or loss of population through this movement.<br/><br/>\n\nThe ABS has developed a new series of annual regional internal migration estimates (RIME) based on the 2011 edition of the Australian Statistical Geography Standard (ASGS). The Medicare and Defence data used for estimating interstate migration is now also used to estimate internal migration below the state/territory level. However, as Medicare and Defence change of address counts are supplied to the ABS by postcode a method was developed to convert these counts to SA2, the base spatial unit of the ASGS. The method used correspondences to convert to SA2, and adjustments were applied to account for known deficiencies in the Medicare and Defence data. A similar method was used to prepare RIME at the LGA level, based on 2011 boundaries.<br/><br/>\n\nThis data is Australian Bureau of Statistics (ABS) data (catalogue number: 3412.0) used with permission from the ABS.<br/><br/>\n\nFor more information please visit the <a href=\"http://www.abs.gov.au/AUSSTATS/abs@.nsf/Lookup/3412.0Explanatory%20Notes12015-16?OpenDocument\" target=\"_blank\">ABS Explanatory Notes</a>.<br/><br/>\n\nPlease note: \n<ul>\n<li>AURIN has spatially enabled the <a href=\"http://www.abs.gov.au/AUSSTATS/abs@.nsf/DetailsPage/3412.02015-16?OpenDocument\" target=\"_blank\">original data</a>.</li>\n<li> RIME are not directly comparable with estimated resident populations (ERPs) because of the different methods and source data used to prepare each series. The combination of natural increase and net migration (internal and overseas) therefore may not correspond with change in ERP.</li>\n</ul>\n","selectedAttributes":[{"name":"lga_code11","type":"String","title":"LGA Code","description":"LGA Code.","isDimension":false},{"name":"_2006_07_arrivals_num","type":"Integer","title":"2006-07 Arrivals No.","description":"2006-07 Arrivals No.","isDimension":false},{"name":"_2006_07_departures_num","type":"Integer","title":"2006-07 Departures No.","description":"2006-07 Departures No.","isDimension":false},{"name":"_2006_07_net_num","type":"Integer","title":"2006-07 Net No.","description":"2006-07 Net No.","isDimension":false},{"name":"_2007_08_arrivals_num","type":"Integer","title":"2007-08 Arrivals No.","description":"2007-08 Arrivals No.","isDimension":false},{"name":"_2007_08_departures_num","type":"Integer","title":"2007-08 Departures No.","description":"2007-08 Departures No.","isDimension":false},{"name":"_2007_08_net_num","type":"Integer","title":"2007-08 Net No.","description":"2007-08 Net No.","isDimension":false},{"name":"_2008_09_arrivals_num","type":"Integer","title":"2008-09 Arrivals No.","description":"2008-09 Arrivals No.","isDimension":false},{"name":"_2008_09_departures_num","type":"Integer","title":"2008-09 Departures No.","description":"2008-09 Departures No.","isDimension":false},{"name":"_2008_09_net_num","type":"Integer","title":"2008-09 Net No.","description":"2008-09 Net No.","isDimension":false},{"name":"_2009_10_arrivals_num","type":"Integer","title":"2009-10 Arrivals No.","description":"2009-10 Arrivals No.","isDimension":false},{"name":"_2009_10_departures_num","type":"Integer","title":"2009-10 Departures No.","description":"2009-10 Departures No.","isDimension":false},{"name":"_2009_10_net_num","type":"Integer","title":"2009-10 Net No.","description":"2009-10 Net No.","isDimension":false},{"name":"_2010_11_arrivals_num","type":"Integer","title":"2010-11 Arrivals No.","description":"2010-11 Arrivals No.","isDimension":false},{"name":"_2010_11_departures_num","type":"Integer","title":"2010-11 Departures No.","description":"2010-11 Departures No.","isDimension":false},{"name":"_2010_11_net_num","type":"Integer","title":"2010-11 Net No.","description":"2010-11 Net No.","isDimension":false},{"name":"_2011_12_arrivals_num","type":"Integer","title":"2011-12 Arrivals No.","description":"2011-12 Arrivals No.","isDimension":false},{"name":"_2011_12_departures_num","type":"Integer","title":"2011-12 Departures No.","description":"2011-12 Departures No.","isDimension":false},{"name":"_2011_12_net_num","type":"Integer","title":"2011-12 Net No.","description":"2011-12 Net No.","isDimension":false},{"name":"_2012_13_arrivals_num","type":"Integer","title":"2012-13 Arrivals No.","description":"2012-13 Arrivals No.","isDimension":false},{"name":"_2012_13_departures_num","type":"Integer","title":"2012-13 Departures No.","description":"2012-13 Departures No.","isDimension":false},{"name":"_2012_13_net_num","type":"Integer","title":"2012-13 Net No.","description":"2012-13 Net No.","isDimension":false},{"name":"_2013_14_arrivals_num","type":"Integer","title":"2013-14 Arrivals No.","description":"2013-14 Arrivals No.","isDimension":false},{"name":"_2013_14_departures_num","type":"Integer","title":"2013-14 Departures No.","description":"2013-14 Departures No.","isDimension":false},{"name":"_2013_14_net_num","type":"Integer","title":"2013-14 Net No.","description":"2013-14 Net No.","isDimension":false},{"name":"_2014_15_arrivals_num","type":"Integer","title":"2014-15 Arrivals No.","description":"2014-15 Arrivals No.","isDimension":false},{"name":"_2014_15_departures_num","type":"Integer","title":"2014-15 Departures No.","description":"2014-15 Departures No.","isDimension":false},{"name":"_2014_15_net_num","type":"Integer","title":"2014-15 Net No.","description":"2014-15 Net No.","isDimension":false},{"name":"_2015_16_arrivals_num","type":"Integer","title":"2015-16 Arrivals No.","description":"2015-16 Arrivals No.","isDimension":false},{"name":"_2015_16_departures_num","type":"Integer","title":"2015-16 Departures No.","description":"2015-16 Departures No.","isDimension":false},{"name":"_2015_16_net_num","type":"Integer","title":"2015-16 Net No.","description":"2015-16 Net No.","isDimension":false},{"name":"lga_name11","type":"String","title":"LGA Name","description":"LGA Name.","isDimension":false},{"name":"state_code","type":"String","title":"State Code","description":"State Code.","isDimension":false}],"filter":{"filterType":"tabular","feature":{"key":"lga_code11","geoLevel":"lga2011","geoField":"ignored","year":"2006","featureBbox":[96.81676569599999,-43.740509603,159.109219008,-9.142175977],"featureType":"country","featureInstance":"au","featureName":"Australia","referenceSystemIdentifier":"urn:x-ogc:def:crs:EPSG:4283","prefix":"","keyTransform":null},"states":[]}}