{"organisation":"TUA_PHIDU","name":"sa2_healthriskfactors_modelledestimate","title":"SA2 Health Risk Factors - Modelled Estimate 2011-2013","legal":{"attribution":"{datasource.organisationTitle}, ({dataset.attributionYear}): {dataset.title}; accessed from AURIN on {dateOfAccess}.","attributionYear":"2014","clickthrough":false,"copyrightNotice":"&copy; {datasource.organisationTitle} {dataset.copyrightYear}","copyrightYear":"2014","licenceType":"Creative Commons Attribution-NonCommercial-ShareAlike 3.0 Australia (CC BY-NC-SA 3.0 AU)"},"referenceSystemIdentifier":"urn:x-ogc:def:crs:EPSG:4283","geoLevel":"sa2","key":"area_code","keyRegex":null,"availability":"true","geomField":"wkb_geometry","keyword":"alcohol, overweight, obese, risk factors, smoking, smokers, health, population","theme":null,"temporalExtent":{"beginDate":"2011-03-06T00:00:00","endDate":"2013-07-31T00:00:00","selectTime":false},"type":"dataset","_id":"dataset-TUA_PHIDU-sa2_healthriskfactors_modelledestimate-sa2","bbox":null,"abstract":"Modelled estimates of health risk factors: alcohol consumption, weight and smoking by SA2, 2011-13. SA2 data for these indicators are derived from Population Health Area (PHA) data. PHAs are comprised of one or more whole SA2s. A full listing of SA2s and what percentage of their corresponding PHA has been allocated to them can be found at the following link:  http://publichealth.gov.au/AURIN/phidu_PHA_to_SA2_concordance.xls","selectedAttributes":[{"name":"area_code","type":"Integer","title":"Statistical Area Level 2 Code","description":"Statistical Area Level 2 code (2011)","stype":"nominal","isDimension":false},{"name":"alcohol_cons_1_no_3_11_7_13","type":"Double","title":"Alcohol Consumption Persons Aged 18 Years and Over - Count","description":"Alcohol consumption at levels considered to be a high risk to health (modelled estimate), persons aged 18 years and over. Source: Compiled by PHIDU using predictions from the 2011-13 Australian Health Survey, ABS (unpublished), and ABS Estimated Resident Population, average of 30 June 2011 and 2012.http://publichealth.gov.au/AURIN/phidu_PHA_to_SA2_concordance.xls","stype":"ratio","isDimension":false},{"name":"alcohol_cons_2_rate_3_11_7_13","type":"Double","title":"Alcohol Consumption Persons Aged 18 Years and Over - Rate per 100","description":"Alcohol consumption at levels considered to be a high risk to health (modelled estimate), as a rate per 100 persons aged 18 years and over. Source: Compiled by PHIDU using predictions from the 2011-13 Australian Health Survey, ABS (unpublished), and ABS Estimated Resident Population, average of 30 June 2011 and 2012. SA2 data for this indicator are derived from Population Health Area (PHA) data. PHAs are comprised of one or more whole SA2s. A full listing of SA2s and what percentage of their corresponding PHA has been allocated to them can be found at the following link: http://publichealth.gov.au/AURIN/phidu_PHA_to_SA2_concordance.xls","stype":"ratio","isDimension":false},{"name":"alcohol_cons_3_rrmse_3_11_7_13","type":"Double","title":"Alcohol Consumption Persons Aged 18 Years and Over - RRMSE","description":"The relative root mean square error (RRMSE) is the measure of the reliability of an estimate. A value of 1 means the estimate should be used with caution, a value of 2 means the estimate is considered too unreliable for general use, and a value of 3 means the estimate is reliable or data is not available for this area. Source: Compiled by PHIDU using predictions from the 2011-13 Australian Health Survey, ABS (unpublished).","stype":"nominal","isDimension":false},{"name":"area_name","type":"String","title":"Statistical Area Level 2 Name","description":"Statistical Area Level 2 Name (2011)","stype":"nominal","isDimension":false},{"name":"obese_f_me_1_no_3_11_7_13","type":"Double","title":"Obese Females 18 Years and Over - Count","description":"Obese females (modelled estimate), 18 years and over. Source: Compiled by PHIDU using predictions from the 2011-13 Australian Health Survey, ABS (unpublished), and ABS Estimated Resident Population, average of 30 June 2011 and 2012. SA2 data for this indicator are derived from Population Health Area (PHA) data. PHAs are comprised of one or more whole SA2s. A full listing of SA2s and what percentage of their corresponding PHA has been allocated to them can be found at the following link: http://publichealth.gov.au/AURIN/phidu_PHA_to_SA2_concordance.xls","stype":"ratio","isDimension":false},{"name":"obese_f_me_2_rate_3_11_7_13","type":"Double","title":"Obese Females 18 Years and Over - Rate per 100","description":"Obese females (modelled estimate), as a rate per 100 females aged 18 years and over. Source: Compiled by PHIDU using predictions from the 2011-13 Australian Health Survey, ABS (unpublished), and ABS Estimated Resident Population, average of 30 June 2011 and 2012. SA2 data for this indicator are derived from Population Health Area (PHA) data. PHAs are comprised of one or more whole SA2s. A full listing of SA2s and what percentage of their corresponding PHA has been allocated to them can be found at the following link: http://publichealth.gov.au/AURIN/phidu_PHA_to_SA2_concordance.xls","stype":"ratio","isDimension":false},{"name":"obese_f_me_3_rrmse_3_11_7_13","type":"Double","title":"Obese Females 18 Years and Over - RRMSE","description":"The relative root mean square error (RRMSE) is the measure of the reliability of an estimate. A value of 1 means the estimate should be used with caution, a value of 2 means the estimate is considered too unreliable for general use, and a value of 3 means the estimate is reliable or data is not available for this area. Source: Compiled by PHIDU using predictions from the 2011-13 Australian Health Survey, ABS (unpublished).","stype":"nominal","isDimension":false},{"name":"obese_m_me_1_no_3_11_7_13","type":"Double","title":"Obese Males 18 Years and Over - Count","description":"Obese males (modelled estimate), 18 years and over. Source: Compiled by PHIDU using predictions from the 2011-13 Australian Health Survey, ABS (unpublished), and ABS Estimated Resident Population, average of 30 June 2011 and 2012. SA2 data for this indicator are derived from Population Health Area (PHA) data. PHAs are comprised of one or more whole SA2s. A full listing of SA2s and what percentage of their corresponding PHA has been allocated to them can be found at the following link: http://publichealth.gov.au/AURIN/phidu_PHA_to_SA2_concordance.xls","stype":"ratio","isDimension":false},{"name":"obese_m_me_2_rate_3_11_7_13","type":"Double","title":"Obese Males 18 Years and Over - Rate per 100","description":"Obese males (modelled estimate), as a rate per 100 males aged 18 years and over. Source: Compiled by PHIDU using predictions from the 2011-13 Australian Health Survey, ABS (unpublished), and ABS Estimated Resident Population, average of 30 June 2011 and 2012.http://publichealth.gov.au/AURIN/phidu_PHA_to_SA2_concordance.xls","stype":"ratio","isDimension":false},{"name":"obese_m_me_3_rrmse_3_11_7_13","type":"Double","title":"Obese Females 18 Years and Over - RRMSE","description":"The relative root mean square error (RRMSE) is the measure of the reliability of an estimate. A value of 1 means the estimate should be used with caution, a value of 2 means the estimate is considered too unreliable for general use, and a value of 3 means the estimate is reliable or data is not available for this area. Source: Compiled by PHIDU using predictions from the 2011-13 Australian Health Survey, ABS (unpublished).","stype":"nominal","isDimension":false},{"name":"obese_p_me_1_no_3_11_7_13","type":"Double","title":"Obese Persons 18 Years and Over - Count","description":"Obese persons (modelled estimate), 18 years and over. Source: Compiled by PHIDU using predictions from the 2011-13 Australian Health Survey, ABS (unpublished), and ABS Estimated Resident Population, average of 30 June 2011 and 2012. SA2 data for this indicator are derived from Population Health Area (PHA) data. PHAs are comprised of one or more whole SA2s. A full listing of SA2s and what percentage of their corresponding PHA has been allocated to them can be found at the following link: http://publichealth.gov.au/AURIN/phidu_PHA_to_SA2_concordance.xls","stype":"ratio","isDimension":false},{"name":"obese_p_me_2_rate_3_11_7_13","type":"Double","title":"Obese Persons 18 Years and Over - Rate per 100","description":"Obese persons (modelled estimate), as a rate per 100 males aged 18 years and over. Source: Compiled by PHIDU using predictions from the 2011-13 Australian Health Survey, ABS (unpublished), and ABS Estimated Resident Population, average of 30 June 2011 and 2012. SA2 data for this indicator are derived from Population Health Area (PHA) data. PHAs are comprised of one or more whole SA2s. A full listing of SA2s and what percentage of their corresponding PHA has been allocated to them can be found at the following link: http://publichealth.gov.au/AURIN/phidu_PHA_to_SA2_concordance.xls","stype":"ratio","isDimension":false},{"name":"obese_p_me_3_rrmse_3_11_7_13","type":"Double","title":"Obese Persons 18 Years and Over - RRMSE","description":"The relative root mean square error (RRMSE) is the measure of the reliability of an estimate. A value of 1 means the estimate should be used with caution, a value of 2 means the estimate is considered too unreliable for general use, and a value of 3 means the estimate is reliable or data is not available for this area. Source: Compiled by PHIDU using predictions from the 2011-13 Australian Health Survey, ABS (unpublished).","stype":"nominal","isDimension":false},{"name":"ovrwght_f_me_1_no_3_11_7_13","type":"Double","title":"Overweight Females  18 Years and Over - Count","description":"Overweight (not obese) females (modelled estimate), 18 years and over. Source: Compiled by PHIDU using predictions from the 2011-13 Australian Health Survey, ABS (unpublished), and ABS Estimated Resident Population, average of 30 June 2011 and 2012. SA2 data for this indicator are derived from Population Health Area (PHA) data. PHAs are comprised of one or more whole SA2s. A full listing of SA2s and what percentage of their corresponding PHA has been allocated to them can be found at the following link: http://publichealth.gov.au/AURIN/phidu_PHA_to_SA2_concordance.xls","stype":"ratio","isDimension":false},{"name":"ovrwght_f_me_2_rate_3_11_7_13","type":"Double","title":"Overweight Females  18 Years and Over - Rate per 100","description":"Overweight (not obese) females (modelled estimate), as a rate per 100 females aged 18 years and over. Source: Compiled by PHIDU using predictions from the 2011-13 Australian Health Survey, ABS (unpublished), and ABS Estimated Resident Population, average of 30 June 2011 and 2012. SA2 data for this indicator are derived from Population Health Area (PHA) data. PHAs are comprised of one or more whole SA2s. A full listing of SA2s and what percentage of their corresponding PHA has been allocated to them can be found at the following link: http://publichealth.gov.au/AURIN/phidu_PHA_to_SA2_concordance.xls","stype":"ratio","isDimension":false},{"name":"ovrwght_f_me_3_rrmse_3_11_7_13","type":"Double","title":"Overweight Females  18 Years and Over - RRMSE","description":"The relative root mean square error (RRMSE) is the measure of the reliability of an estimate. A value of 1 means the estimate should be used with caution, a value of 2 means the estimate is considered too unreliable for general use, and a value of 3 means the estimate is reliable or data is not available for this area. Source: Compiled by PHIDU using predictions from the 2011-13 Australian Health Survey, ABS (unpublished).","stype":"nominal","isDimension":false},{"name":"ovrwght_m_me_1_no_3_11_7_13","type":"Double","title":"Overweight Males 18 Years and Over - Count","description":"Overweight (not obese) males (modelled estimate), 18 years and over. Source: Compiled by PHIDU using predictions from the 2011-13 Australian Health Survey, ABS (unpublished), and ABS Estimated Resident Population, average of 30 June 2011 and 2012. SA2 data for this indicator are derived from Population Health Area (PHA) data. PHAs are comprised of one or more whole SA2s. A full listing of SA2s and what percentage of their corresponding PHA has been allocated to them can be found at the following link: http://publichealth.gov.au/AURIN/phidu_PHA_to_SA2_concordance.xls","stype":"ratio","isDimension":false},{"name":"ovrwght_m_me_2_rate_3_11_7_13","type":"Double","title":"Overweight Males 18 Years and Over 18 Years and Over - Rate per 100","description":"Overweight (not obese) males (modelled estimate), as a rate per 100 males aged 18 years and over. Source: Compiled by PHIDU using predictions from the 2011-13 Australian Health Survey, ABS (unpublished), and ABS Estimated Resident Population, average of 30 June 2011 and 2012. SA2 data for this indicator are derived from Population Health Area (PHA) data. PHAs are comprised of one or more whole SA2s. A full listing of SA2s and what percentage of their corresponding PHA has been allocated to them can be found at the following link: http://publichealth.gov.au/AURIN/phidu_PHA_to_SA2_concordance.xls","stype":"ratio","isDimension":false},{"name":"ovrwght_m_me_3_rrmse_3_11_7_13","type":"Double","title":"Overweight Males 18 Years and Over 18 Years and Over - RRMSE","description":"The relative root mean square error (RRMSE) is the measure of the reliability of an estimate. A value of 1 means the estimate should be used with caution, a value of 2 means the estimate is considered too unreliable for general use, and a value of 3 means the estimate is reliable or data is not available for this area. Source: Compiled by PHIDU using predictions from the 2011-13 Australian Health Survey, ABS (unpublished).","stype":"nominal","isDimension":false},{"name":"ovrwght_p_me_1_no_3_11_7_13","type":"Double","title":"Overweight Persons 18 Years and Over - Count","description":"Overweight (not obese) persons (modelled estimate), 18 years and over. Source: Compiled by PHIDU using predictions from the 2011-13 Australian Health Survey, ABS (unpublished), and ABS Estimated Resident Population, average of 30 June 2011 and 2012. SA2 data for this indicator are derived from Population Health Area (PHA) data. PHAs are comprised of one or more whole SA2s. A full listing of SA2s and what percentage of their corresponding PHA has been allocated to them can be found at the following link: http://publichealth.gov.au/AURIN/phidu_PHA_to_SA2_concordance.xls","stype":"ratio","isDimension":false},{"name":"ovrwght_p_me_2_rate_3_11_7_13","type":"Double","title":"Overweight Persons 18 Years and Over - Rate per 100","description":"Overweight (not obese) persons (modelled estimate), as a rate per 100 males aged 18 years and over. Source: Compiled by PHIDU using predictions from the 2011-13 Australian Health Survey, ABS (unpublished), and ABS Estimated Resident Population, average of 30 June 2011 and 2012. SA2 data for this indicator are derived from Population Health Area (PHA) data. PHAs are comprised of one or more whole SA2s. A full listing of SA2s and what percentage of their corresponding PHA has been allocated to them can be found at the following link: http://publichealth.gov.au/AURIN/phidu_PHA_to_SA2_concordance.xls","stype":"ratio","isDimension":false},{"name":"ovrwght_p_me_3_rrmse_3_11_7_13","type":"Double","title":"Overweight Persons 18 Years and Over - RRMSE","description":"The relative root mean square error (RRMSE) is the measure of the reliability of an estimate. A value of 1 means the estimate should be used with caution, a value of 2 means the estimate is considered too unreliable for general use, and a value of 3 means the estimate is reliable or data is not available for this area. Source: Compiled by PHIDU using predictions from the 2011-13 Australian Health Survey, ABS (unpublished).","stype":"nominal","isDimension":false},{"name":"smokers_f_me_1_no_3_11_7_13","type":"Double","title":"Female Current Smokers 18 Years and Over - Count","description":"Female current smokers (modelled estimate), 18 years and over. Source: Compiled by PHIDU using predictions from the 2011-13 Australian Health Survey, ABS (unpublished), and ABS Estimated Resident Population, average of 30 June 2011 and 2012.http://publichealth.gov.au/AURIN/phidu_PHA_to_SA2_concordance.xls","stype":"ratio","isDimension":false},{"name":"smokers_f_me_2_rate_3_11_7_13","type":"Double","title":"Female Current Smokers 18 Years and Over - Rate per 100","description":"Female current smokers (modelled estimate), as a rate per 100 females aged 18 years and over. Source: Compiled by PHIDU using predictions from the 2011-13 Australian Health Survey, ABS (unpublished), and ABS Estimated Resident Population, average of 30 June 2011 and 2012. SA2 data for this indicator are derived from Population Health Area (PHA) data. PHAs are comprised of one or more whole SA2s. A full listing of SA2s and what percentage of their corresponding PHA has been allocated to them can be found at the following link: http://publichealth.gov.au/AURIN/phidu_PHA_to_SA2_concordance.xls","stype":"ratio","isDimension":false},{"name":"smokers_f_me_3_rrmse_3_11_7_13","type":"Double","title":"Female Current Smokers 18 Years and Over - RRMSE","description":"The relative root mean square error (RRMSE) is the measure of the reliability of an estimate. A value of 1 means the estimate should be used with caution, a value of 2 means the estimate is considered too unreliable for general use, and a value of 3 means the estimate is reliable or data is not available for this area. Source: Compiled by PHIDU using predictions from the 2011-13 Australian Health Survey, ABS (unpublished).","stype":"nominal","isDimension":false},{"name":"smokers_me_1_no_3_11_7_13","type":"Double","title":"Current Smokers Persons 18 Years and Over - Count","description":"Current smokers (modelled estimate), persons 18 years and over. Source: Compiled by PHIDU using predictions from the 2011-13 Australian Health Survey, ABS (unpublished), and ABS Estimated Resident Population, average of 30 June 2011 and 2012.http://publichealth.gov.au/AURIN/phidu_PHA_to_SA2_concordance.xls","stype":"ratio","isDimension":false},{"name":"smokers_me_2_rate_3_11_7_13","type":"Double","title":"Current Smokers Persons 18 Years and Over - Rate per 100","description":"Current smokers (modelled estimate), as a rate per 100 persons 18 years and over. Source: Compiled by PHIDU using predictions from the 2011-13 Australian Health Survey, ABS (unpublished), and ABS Estimated Resident Population, average of 30 June 2011 and 2012. SA2 data for this indicator are derived from Population Health Area (PHA) data. PHAs are comprised of one or more whole SA2s. A full listing of SA2s and what percentage of their corresponding PHA has been allocated to them can be found at the following link: http://publichealth.gov.au/AURIN/phidu_PHA_to_SA2_concordance.xls","stype":"ratio","isDimension":false},{"name":"smokers_me_3_rrmse_3_11_7_13","type":"Double","title":"Current Smokers Persons 18 Years and Over - RRMSE","description":"The relative root mean square error (RRMSE) is the measure of the reliability of an estimate. A value of 1 means the estimate should be used with caution, a value of 2 means the estimate is considered too unreliable for general use, and a value of 3 means the estimate is reliable or data is not available for this area. Source: Compiled by PHIDU using predictions from the 2011-13 Australian Health Survey, ABS (unpublished).","stype":"nominal","isDimension":false},{"name":"smokers_m_me_1_no_3_11_7_13","type":"Double","title":"Male Current Smokers 18 Years and Over - Count","description":"Male current smokers (modelled estimate), 18 years and over. Source: Compiled by PHIDU using predictions from the 2011-13 Australian Health Survey, ABS (unpublished), and ABS Estimated Resident Population, average of 30 June 2011 and 2012.http://publichealth.gov.au/AURIN/phidu_PHA_to_SA2_concordance.xls","stype":"ratio","isDimension":false},{"name":"smokers_m_me_2_rate_3_11_7_13","type":"Double","title":"Male Current Smokers 18 Years and Over - Rate per 100","description":"Male current smokers (modelled estimate), as a rate per 100 males aged 18 years and over. Source: Compiled by PHIDU using predictions from the 2011-13 Australian Health Survey, ABS (unpublished), and ABS Estimated Resident Population, average of 30 June 2011 and 2012.http://publichealth.gov.au/AURIN/phidu_PHA_to_SA2_concordance.xls","stype":"ratio","isDimension":false},{"name":"smokers_m_me_3_rrmse_3_11_7_13","type":"Double","title":"Male Current Smokers 18 Years and Over - RRMSE","description":"The relative root mean square error (RRMSE) is the measure of the reliability of an estimate. A value of 1 means the estimate should be used with caution, a value of 2 means the estimate is considered too unreliable for general use, and a value of 3 means the estimate is reliable or data is not available for this area. Source: Compiled by PHIDU using predictions from the 2011-13 Australian Health Survey, ABS (unpublished).","stype":"nominal","isDimension":false}],"filter":{"filterType":"tabular","feature":{"key":"area_code","geoLevel":"sa2","geoField":"ignored","year":"2006","featureBbox":[144.9027012040001,-37.85066737799997,144.99135105400012,-37.77544809899996],"featureType":"sa3_2016","featureInstance":"20604","featureName":"Melbourne City","referenceSystemIdentifier":"urn:x-ogc:def:crs:EPSG:4283","prefix":"","keyTransform":null},"states":["2"]}}